"eco_values","species","latitude","longitude","source","Temperatur","Moisture","Landcover","Landforms","Climate_Re","Red","Green","Blue","W_Ecosystm","color","elevation","NDVI","LandCoverName","occurrence_id","tmax_mean_c","precip_mean"
5,"Myotis myotis",46.34388,7.40617,"gbif","Polar","Moist","Sparsely or Non vegetated","Mountains","Polar Moist",156,150,138,"Polar Moist Sparsely or Non vegetated on Mountains","#9C968A",2622,18458,"Grasslands",1,1.58076923076926,148.692307692308
5,"Myotis myotis",46.7836716804,8.909802349,"inat","Polar","Moist","Sparsely or Non vegetated","Mountains","Polar Moist",156,150,138,"Polar Moist Sparsely or Non vegetated on Mountains","#9C968A",2758,18454,"Grasslands",2,-0.403846153846123,211.538461538462
97,"Myotis myotis",47.400793,7.572808,"gbif","Cool Temperate","Moist","Forest","Mountains","Cool Temperate Moist",6,64,0,"Cool Temperate Moist Forest on Mountains","#064000",545,2120,"Savannas",3,14.0192307692308,72.6153846153846
97,"Myotis myotis",47.476547,7.533742,"gbif","Cool Temperate","Moist","Forest","Mountains","Cool Temperate Moist",6,64,0,"Cool Temperate Moist Forest on Mountains","#064000",457,2126.5,"Mixed Forest",4,14.8807692307693,72.2307692307692
97,"Myotis myotis",46.6986,6.35995,"gbif","Cool Temperate","Moist","Forest","Mountains","Cool Temperate Moist",6,64,0,"Cool Temperate Moist Forest on Mountains","#064000",858,3128.4,"Mixed Forest",5,11.15,101.769230769231
97,"Myotis myotis",46.60865,6.36174,"gbif","Cool Temperate","Moist","Forest","Mountains","Cool Temperate Moist",6,64,0,"Cool Temperate Moist Forest on Mountains","#064000",1028,2185,"Mixed Forest",6,10.773076923077,103.615384615385
97,"Myotis myotis",47.37795,7.14069,"gbif","Cool Temperate","Moist","Forest","Mountains","Cool Temperate Moist",6,64,0,"Cool Temperate Moist Forest on Mountains","#064000",738,2126.9,"Woody Savannas",7,12.85,82.6923076923077
97,"Myotis myotis",46.70315,7.79822,"gbif","Cool Temperate","Moist","Forest","Mountains","Cool Temperate Moist",6,64,0,"Cool Temperate Moist Forest on Mountains","#064000",1292,4369.9,"Woody Savannas",8,8.98846153846157,152.538461538462
97,"Myotis myotis",47.28816,7.20729,"gbif","Cool Temperate","Moist","Forest","Mountains","Cool Temperate Moist",6,64,0,"Cool Temperate Moist Forest on Mountains","#064000",977,2189,"Mixed Forest",9,11.5269230769231,86.6153846153846
97,"Myotis myotis",46.61353,7.66708,"gbif","Cool Temperate","Moist","Forest","Mountains","Cool Temperate Moist",6,64,0,"Cool Temperate Moist Forest on Mountains","#064000",803,20100.5,"Savannas",10,13.0038461538462,107.923076923077
97,"Myotis myotis",46.74846,7.66765,"gbif","Cool Temperate","Moist","Forest","Mountains","Cool Temperate Moist",6,64,0,"Cool Temperate Moist Forest on Mountains","#064000",968,4369.4,"Savannas",11,11.8269230769231,128.846153846154
97,"Myotis myotis",47.28759,7.00901,"gbif","Cool Temperate","Moist","Forest","Mountains","Cool Temperate Moist",6,64,0,"Cool Temperate Moist Forest on Mountains","#064000",893,2126.9,"Mixed Forest",12,11.973076923077,100
97,"Myotis myotis",46.29812,7.01685,"gbif","Cool Temperate","Moist","Forest","Mountains","Cool Temperate Moist",6,64,0,"Cool Temperate Moist Forest on Mountains","#064000",1144,4049.40000000002,"Mixed Forest",13,11.4192307692308,125.615384615385
97,"Myotis myotis",47.01605,6.68238,"gbif","Cool Temperate","Moist","Forest","Mountains","Cool Temperate Moist",6,64,0,"Cool Temperate Moist Forest on Mountains","#064000",1097,2126.9,"Woody Savannas",14,11.1038461538462,117.307692307692
97,"Myotis myotis",46.47309,6.29933,"gbif","Cool Temperate","Moist","Forest","Mountains","Cool Temperate Moist",6,64,0,"Cool Temperate Moist Forest on Mountains","#064000",749,2185.4,"Deciduous Broadleaf Forest",15,13.1884615384616,115.076923076923
97,"Myotis myotis",46.97149,6.74871,"gbif","Cool Temperate","Moist","Forest","Mountains","Cool Temperate Moist",6,64,0,"Cool Temperate Moist Forest on Mountains","#064000",1091,3186.8,"Savannas",16,11.0576923076923,112.307692307692
97,"Myotis myotis",46.806686,9.256911,"gbif","Cool Temperate","Moist","Forest","Mountains","Cool Temperate Moist",6,64,0,"Cool Temperate Moist Forest on Mountains","#064000",1001,18453.4,"Grasslands",17,11.4576923076923,86.4615384615385
97,"Myotis myotis",46.78971,6.4891,"gbif","Cool Temperate","Moist","Forest","Mountains","Cool Temperate Moist",6,64,0,"Cool Temperate Moist Forest on Mountains","#064000",1200,2518.4,"Savannas",18,10.3038461538462,112.615384615385
97,"Myotis blythii",46.61319,7.07965,"gbif","Cool Temperate","Moist","Forest","Mountains","Cool Temperate Moist",6,64,0,"Cool Temperate Moist Forest on Mountains","#064000",740,4168.4,"Mixed Forest",19,13.1269230769231,99.6153846153846
97,"Myotis myotis",46.42674,6.1702,"gbif","Cool Temperate","Moist","Forest","Mountains","Cool Temperate Moist",6,64,0,"Cool Temperate Moist Forest on Mountains","#064000",714,2185,"Mixed Forest",20,13.1269230769231,119.692307692308
97,"Myotis myotis",46.5187,6.36353,"gbif","Cool Temperate","Moist","Forest","Mountains","Cool Temperate Moist",6,64,0,"Cool Temperate Moist Forest on Mountains","#064000",599,2120,"Cropland/Natural Mosaic",21,13.3653846153846,112.538461538462
97,"Myotis blythii",46.34255,7.99068,"gbif","Cool Temperate","Moist","Forest","Mountains","Cool Temperate Moist",6,64,0,"Cool Temperate Moist Forest on Mountains","#064000",1140,20348.3,"Woody Savannas",22,10.773076923077,90.1538461538462
97,"Myotis myotis",47.15324,7.20788,"gbif","Cool Temperate","Moist","Forest","Mountains","Cool Temperate Moist",6,64,0,"Cool Temperate Moist Forest on Mountains","#064000",727,4164,"Savannas",23,13.0192307692308,93.7692307692308
97,"Myotis myotis",47.19832,7.27367,"gbif","Cool Temperate","Moist","Forest","Mountains","Cool Temperate Moist",6,64,0,"Cool Temperate Moist Forest on Mountains","#064000",727,2387.3,"Mixed Forest",24,12.7423076923077,100.153846153846
97,"Myotis blythii",46.29835,7.79555,"gbif","Cool Temperate","Moist","Forest","Mountains","Cool Temperate Moist",6,64,0,"Cool Temperate Moist Forest on Mountains","#064000",900,18454.4,"Mixed Forest",25,11.9038461538462,68.2307692307692
97,"Myotis myotis",46.83784,7.01261,"gbif","Cool Temperate","Moist","Forest","Mountains","Cool Temperate Moist",6,64,0,"Cool Temperate Moist Forest on Mountains","#064000",605,2120,"Savannas",26,13.8576923076923,98.3846153846154
97,"Myotis myotis",47.33278,7.07479,"gbif","Cool Temperate","Moist","Forest","Mountains","Cool Temperate Moist",6,64,0,"Cool Temperate Moist Forest on Mountains","#064000",855,2208.1,"Savannas",27,12.3730769230769,88.9230769230769
97,"Myotis myotis",46.34351,7.14639,"gbif","Cool Temperate","Moist","Forest","Mountains","Cool Temperate Moist",6,64,0,"Cool Temperate Moist Forest on Mountains","#064000",1356,51225,"Mixed Forest",28,9.75000000000004,119.076923076923
97,"Myotis myotis",46.29756,6.88707,"gbif","Cool Temperate","Moist","Forest","Mountains","Cool Temperate Moist",6,64,0,"Cool Temperate Moist Forest on Mountains","#064000",944,4046.20000000002,"Mixed Forest",29,11.6807692307693,134.692307692308
97,"Myotis myotis",46.34255,7.99068,"gbif","Cool Temperate","Moist","Forest","Mountains","Cool Temperate Moist",6,64,0,"Cool Temperate Moist Forest on Mountains","#064000",1140,20348.3,"Woody Savannas",30,10.773076923077,90.1538461538462
97,"Myotis myotis",46.919323,7.547182,"gbif","Cool Temperate","Moist","Forest","Mountains","Cool Temperate Moist",6,64,0,"Cool Temperate Moist Forest on Mountains","#064000",598,2120,"Cropland/Natural Mosaic",31,13.75,94.9230769230769
97,"Myotis myotis",46.92463,6.48671,"gbif","Cool Temperate","Moist","Forest","Mountains","Cool Temperate Moist",6,64,0,"Cool Temperate Moist Forest on Mountains","#064000",1208,3098.4,"Mixed Forest",32,10.9038461538462,116.615384615385
97,"Myotis myotis",46.34284,6.95155,"gbif","Cool Temperate","Moist","Forest","Mountains","Cool Temperate Moist",6,64,0,"Cool Temperate Moist Forest on Mountains","#064000",809,2207.7,"Woody Savannas",33,12.873076923077,125.846153846154
97,"Myotis myotis",47.10769,7.01045,"gbif","Cool Temperate","Moist","Forest","Mountains","Cool Temperate Moist",6,64,0,"Cool Temperate Moist Forest on Mountains","#064000",1226,18449.4,"Mixed Forest",34,10.0884615384616,115.615384615385
97,"Myotis myotis",46.65479,6.49147,"gbif","Cool Temperate","Moist","Forest","Mountains","Cool Temperate Moist",6,64,0,"Cool Temperate Moist Forest on Mountains","#064000",539,2120,"Cropland/Natural Mosaic",35,13.9576923076923,84.0769230769231
97,"Myotis myotis",46.88067,6.61869,"gbif","Cool Temperate","Moist","Forest","Mountains","Cool Temperate Moist",6,64,0,"Cool Temperate Moist Forest on Mountains","#064000",1250,18473.9,"Mixed Forest",36,9.90384615384619,117.384615384615
97,"Myotis myotis",47.33298,7.14094,"gbif","Cool Temperate","Moist","Forest","Mountains","Cool Temperate Moist",6,64,0,"Cool Temperate Moist Forest on Mountains","#064000",503,2120,"Mixed Forest",37,13.6884615384616,84.9230769230769
97,"Myotis myotis",47.37776,7.07449,"gbif","Cool Temperate","Moist","Forest","Mountains","Cool Temperate Moist",6,64,0,"Cool Temperate Moist Forest on Mountains","#064000",739,2189,"Mixed Forest",38,12.95,86.2307692307692
97,"Myotis myotis",46.88358,7.53703,"gbif","Cool Temperate","Moist","Forest","Mountains","Cool Temperate Moist",6,64,0,"Cool Temperate Moist Forest on Mountains","#064000",529,2120,"Woody Savannas",39,14.2038461538462,91.6153846153846
97,"Myotis myotis",47.24337,7.33957,"gbif","Cool Temperate","Moist","Forest","Mountains","Cool Temperate Moist",6,64,0,"Cool Temperate Moist Forest on Mountains","#064000",789,4049.80000000002,"Grasslands",40,12.4576923076923,92.7692307692308
97,"Myotis myotis",46.56304,6.29744,"gbif","Cool Temperate","Moist","Forest","Mountains","Cool Temperate Moist",6,64,0,"Cool Temperate Moist Forest on Mountains","#064000",1361,18453,"Savannas",41,9.06538461538464,134.923076923077
97,"Myotis myotis",46.814347,7.25428,"gbif","Cool Temperate","Moist","Forest","Mountains","Cool Temperate Moist",6,64,0,"Cool Temperate Moist Forest on Mountains","#064000",697,2189,"Cropland/Natural Mosaic",42,13.1115384615385,111
97,"Myotis myotis",46.74868,7.47135,"gbif","Cool Temperate","Moist","Forest","Mountains","Cool Temperate Moist",6,64,0,"Cool Temperate Moist Forest on Mountains","#064000",1319,34841,"Mixed Forest",43,9.41153846153851,132.384615384615
97,"Myotis myotis",46.52301,7.01509,"gbif","Cool Temperate","Moist","Forest","Mountains","Cool Temperate Moist",6,64,0,"Cool Temperate Moist Forest on Mountains","#064000",1301,18457,"Woody Savannas",44,9.21923076923081,134.384615384615
97,"Myotis myotis",46.20891,7.34147,"gbif","Cool Temperate","Moist","Forest","Mountains","Cool Temperate Moist",6,64,0,"Cool Temperate Moist Forest on Mountains","#064000",702,20108.3,"Mixed Forest",45,15.5038461538462,71.3846153846154
97,"Myotis myotis",46.79117,6.68554,"gbif","Cool Temperate","Moist","Forest","Mountains","Cool Temperate Moist",6,64,0,"Cool Temperate Moist Forest on Mountains","#064000",434,4168,"Woody Savannas",46,14.3576923076923,81.2307692307692
97,"Myotis myotis",46.88018,6.5531,"gbif","Cool Temperate","Moist","Forest","Mountains","Cool Temperate Moist",6,64,0,"Cool Temperate Moist Forest on Mountains","#064000",1001,18454,"Mixed Forest",47,10.8038461538462,112.615384615385
97,"Myotis myotis",46.38807,7.01615,"gbif","Cool Temperate","Moist","Forest","Mountains","Cool Temperate Moist",6,64,0,"Cool Temperate Moist Forest on Mountains","#064000",1781,18457,"Savannas",48,6.48076923076927,161.923076923077
97,"Myotis myotis",46.07346,7.08321,"gbif","Cool Temperate","Moist","Forest","Mountains","Cool Temperate Moist",6,64,0,"Cool Temperate Moist Forest on Mountains","#064000",861,3102,"Mixed Forest",49,10.9884615384616,101.615384615385
97,"Myotis myotis",47.01748,6.94541,"gbif","Cool Temperate","Moist","Forest","Mountains","Cool Temperate Moist",6,64,0,"Cool Temperate Moist Forest on Mountains","#064000",919,4164.8,"Deciduous Broadleaf Forest",50,11.2269230769231,108.769230769231
97,"Myotis myotis",46.43305,7.0158,"gbif","Cool Temperate","Moist","Forest","Mountains","Cool Temperate Moist",6,64,0,"Cool Temperate Moist Forest on Mountains","#064000",1286,18453.4,"Mixed Forest",51,8.95000000000004,139.846153846154
97,"Myotis myotis",47.33332,7.53785,"gbif","Cool Temperate","Moist","Forest","Mountains","Cool Temperate Moist",6,64,0,"Cool Temperate Moist Forest on Mountains","#064000",781,2345.5,"Mixed Forest",52,12.35,86.6153846153846
97,"Myotis myotis",46.29835,7.79555,"gbif","Cool Temperate","Moist","Forest","Mountains","Cool Temperate Moist",6,64,0,"Cool Temperate Moist Forest on Mountains","#064000",900,18454.4,"Mixed Forest",53,11.9038461538462,68.2307692307692
97,"Myotis myotis",47.4225,7.00792,"gbif","Cool Temperate","Moist","Forest","Mountains","Cool Temperate Moist",6,64,0,"Cool Temperate Moist Forest on Mountains","#064000",614,2130.1,"Woody Savannas",54,13.6653846153846,90.3076923076923
97,"Myotis myotis",46.51739,6.23324,"gbif","Cool Temperate","Moist","Forest","Mountains","Cool Temperate Moist",6,64,0,"Cool Temperate Moist Forest on Mountains","#064000",1321,18453,"Mixed Forest",55,9.4115384615385,132.692307692308
97,"Myotis myotis",46.43138,8.18674,"gbif","Cool Temperate","Moist","Forest","Mountains","Cool Temperate Moist",6,64,0,"Cool Temperate Moist Forest on Mountains","#064000",1246,35228.2,"Savannas",56,8.97307692307696,114.538461538462
97,"Myotis myotis",47.24303,7.14145,"gbif","Cool Temperate","Moist","Forest","Mountains","Cool Temperate Moist",6,64,0,"Cool Temperate Moist Forest on Mountains","#064000",1167,2196.2,"Woody Savannas",57,10.773076923077,101.384615384615
97,"Myotis myotis",46.6127,6.94912,"gbif","Cool Temperate","Moist","Forest","Mountains","Cool Temperate Moist",6,64,0,"Cool Temperate Moist Forest on Mountains","#064000",863,2130.1,"Mixed Forest",58,12.3115384615385,113.846153846154
97,"Myotis myotis",47.06215,6.87918,"gbif","Cool Temperate","Moist","Forest","Mountains","Cool Temperate Moist",6,64,0,"Cool Temperate Moist Forest on Mountains","#064000",1169,18453,"Woody Savannas",59,10.5269230769231,112.923076923077
97,"Myotis myotis",46.52357,7.66671,"gbif","Cool Temperate","Moist","Forest","Mountains","Cool Temperate Moist",6,64,0,"Cool Temperate Moist Forest on Mountains","#064000",1186,36886.2,"Woody Savannas",60,11.2423076923077,118.923076923077
97,"Myotis myotis",46.65362,6.36084,"gbif","Cool Temperate","Moist","Forest","Mountains","Cool Temperate Moist",6,64,0,"Cool Temperate Moist Forest on Mountains","#064000",1120,4319.5,"Mixed Forest",61,10.5576923076923,106.461538461538
97,"Myotis myotis",47.33336,7.4717,"gbif","Cool Temperate","Moist","Forest","Mountains","Cool Temperate Moist",6,64,0,"Cool Temperate Moist Forest on Mountains","#064000",718,2261,"Mixed Forest",62,13.3038461538462,77.8461538461538
97,"Myotis myotis",46.60801,6.29649,"gbif","Cool Temperate","Moist","Forest","Mountains","Cool Temperate Moist",6,64,0,"Cool Temperate Moist Forest on Mountains","#064000",1359,18479,"Mixed Forest",63,8.98846153846157,135.076923076923
97,"Myotis myotis",47.10812,7.73506,"gbif","Cool Temperate","Moist","Forest","Mountains","Cool Temperate Moist",6,64,0,"Cool Temperate Moist Forest on Mountains","#064000",781,2222.2,"Savannas",64,12.7346153846154,107.846153846154
97,"Myotis myotis",46.919322963,7.547182249,"inat","Cool Temperate","Moist","Forest","Mountains","Cool Temperate Moist",6,64,0,"Cool Temperate Moist Forest on Mountains","#064000",598,2120,"Cropland/Natural Mosaic",65,13.75,94.9230769230769
97,"Myotis myotis",46.61352,7.21019,"gbif","Cool Temperate","Moist","Forest","Mountains","Cool Temperate Moist",6,64,0,"Cool Temperate Moist Forest on Mountains","#064000",1259,34978.6,"Woody Savannas",66,10.4192307692308,124.307692307692
97,"Myotis myotis",46.9261,6.68365,"gbif","Cool Temperate","Moist","Forest","Mountains","Cool Temperate Moist",6,64,0,"Cool Temperate Moist Forest on Mountains","#064000",1140,20123.8,"Mixed Forest",67,11.1807692307693,113.230769230769
97,"Myotis myotis",47.1521,6.87824,"gbif","Cool Temperate","Moist","Forest","Mountains","Cool Temperate Moist",6,64,0,"Cool Temperate Moist Forest on Mountains","#064000",912,5596.50000000002,"Mixed Forest",68,12.1038461538462,98.7692307692308
97,"Myotis myotis",46.16229,6.82371,"gbif","Cool Temperate","Moist","Forest","Mountains","Cool Temperate Moist",6,64,0,"Cool Temperate Moist Forest on Mountains","#064000",1467,35152.4,"Mixed Forest",69,8.58076923076927,181.846153846154
97,"Myotis myotis",46.52211,6.81961,"gbif","Cool Temperate","Moist","Forest","Mountains","Cool Temperate Moist",6,64,0,"Cool Temperate Moist Forest on Mountains","#064000",838,2185.4,"Savannas",70,12.1653846153847,131.230769230769
97,"Myotis myotis",46.43279,6.95074,"gbif","Cool Temperate","Moist","Forest","Mountains","Cool Temperate Moist",6,64,0,"Cool Temperate Moist Forest on Mountains","#064000",1165,5777.50000000002,"Mixed Forest",71,10.9192307692308,133.692307692308
97,"Myotis myotis",47.4765473017,7.5337422275,"inat","Cool Temperate","Moist","Forest","Mountains","Cool Temperate Moist",6,64,0,"Cool Temperate Moist Forest on Mountains","#064000",457,2126.5,"Mixed Forest",72,14.8807692307693,72.2307692307692
97,"Myotis myotis",46.74831,7.73309,"gbif","Cool Temperate","Moist","Forest","Mountains","Cool Temperate Moist",6,64,0,"Cool Temperate Moist Forest on Mountains","#064000",1119,18713,"Mixed Forest",73,10.1961538461539,143.538461538462
97,"Myotis myotis",46.20872,7.2119,"gbif","Cool Temperate","Moist","Forest","Mountains","Cool Temperate Moist",6,64,0,"Cool Temperate Moist Forest on Mountains","#064000",804,5753.40000000005,"Woody Savannas",74,13.0730769230769,95.6923076923077
97,"Myotis myotis",46.61319,7.07965,"gbif","Cool Temperate","Moist","Forest","Mountains","Cool Temperate Moist",6,64,0,"Cool Temperate Moist Forest on Mountains","#064000",740,4168.4,"Mixed Forest",75,13.1269230769231,99.6153846153846
97,"Myotis myotis",47.400793285,7.5728080183,"inat","Cool Temperate","Moist","Forest","Mountains","Cool Temperate Moist",6,64,0,"Cool Temperate Moist Forest on Mountains","#064000",545,2120,"Savannas",76,14.0192307692308,72.6153846153846
97,"Myotis myotis",47.19787,7.07572,"gbif","Cool Temperate","Moist","Forest","Mountains","Cool Temperate Moist",6,64,0,"Cool Temperate Moist Forest on Mountains","#064000",1202,3102.4,"Woody Savannas",77,10.9884615384616,93.6153846153846
97,"Myotis myotis",46.65869,7.34065,"gbif","Cool Temperate","Moist","Forest","Mountains","Cool Temperate Moist",6,64,0,"Cool Temperate Moist Forest on Mountains","#064000",1766,18457.1,"Woody Savannas",78,8.08846153846158,157.538461538462
101,"Myotis myotis",46.5663,6.68868,"gbif","Cool Temperate","Moist","Forest","Tablelands","Cool Temperate Moist",71,89,181,"Cool Temperate Moist Forest on Tablelands","#4759B5",855,2208.5,"Savannas",79,12.1423076923077,123.230769230769
101,"Myotis myotis",47.01854,7.40575,"gbif","Cool Temperate","Moist","Forest","Tablelands","Cool Temperate Moist",71,89,181,"Cool Temperate Moist Forest on Tablelands","#4759B5",667,2140.6,"Savannas",80,13.4038461538462,90.9230769230769
101,"Myotis myotis",47.559399,7.674389,"gbif","Cool Temperate","Moist","Forest","Tablelands","Cool Temperate Moist",71,89,181,"Cool Temperate Moist Forest on Tablelands","#4759B5",438,4168,"Woody Savannas",81,14.7038461538462,80
101,"Myotis myotis",47.19738,6.94375,"gbif","Cool Temperate","Moist","Forest","Tablelands","Cool Temperate Moist",71,89,181,"Cool Temperate Moist Forest on Tablelands","#4759B5",1067,3883.80000000002,"Savannas",82,10.9576923076923,108.769230769231
102,"Myotis myotis",46.61127,6.68805,"gbif","Cool Temperate","Moist","Cropland","Tablelands","Cool Temperate Moist",99,97,160,"Cool Temperate Moist Cropland on Tablelands","#6361A0",833,2130.1,"Grasslands",83,12.3961538461539,108.692307692308
102,"Myotis myotis",46.88324,7.14344,"gbif","Cool Temperate","Moist","Cropland","Tablelands","Cool Temperate Moist",99,97,160,"Cool Temperate Moist Cropland on Tablelands","#6361A0",599,2120,"Croplands",84,13.9192307692308,99.8461538461538
102,"Myotis myotis",46.79287,7.01296,"gbif","Cool Temperate","Moist","Cropland","Tablelands","Cool Temperate Moist",99,97,160,"Cool Temperate Moist Cropland on Tablelands","#6361A0",607,2189,"Cropland/Natural Mosaic",85,13.973076923077,100.076923076923
102,"Myotis myotis",46.83807,7.07815,"gbif","Cool Temperate","Moist","Cropland","Tablelands","Cool Temperate Moist",99,97,160,"Cool Temperate Moist Cropland on Tablelands","#6361A0",619,2130.1,"Croplands",86,13.7269230769231,102.846153846154
102,"Myotis myotis",46.56671,6.75389,"gbif","Cool Temperate","Moist","Cropland","Tablelands","Cool Temperate Moist",99,97,160,"Cool Temperate Moist Cropland on Tablelands","#6361A0",823,2120,"Grasslands",87,12.3884615384616,122.769230769231
103,"Myotis myotis",46.8386,7.53695,"gbif","Cool Temperate","Moist","Cropland","Mountains","Cool Temperate Moist",33,102,5,"Cool Temperate Moist Cropland on Mountains","#216605",769,4164,"Cropland/Natural Mosaic",88,13.05,103
103,"Myotis myotis",47.0634,7.27408,"gbif","Cool Temperate","Moist","Cropland","Mountains","Cool Temperate Moist",33,102,5,"Cool Temperate Moist Cropland on Mountains","#216605",442,2185,"Croplands",89,14.6038461538462,80.4615384615385
103,"Myotis myotis",46.97186,6.81442,"gbif","Cool Temperate","Moist","Cropland","Mountains","Cool Temperate Moist",33,102,5,"Cool Temperate Moist Cropland on Mountains","#216605",706,2382.9,"Savannas",90,13.1038461538462,103
103,"Myotis myotis",47.33332,7.3394,"gbif","Cool Temperate","Moist","Cropland","Mountains","Cool Temperate Moist",33,102,5,"Cool Temperate Moist Cropland on Mountains","#216605",493,2452.7,"Cropland/Natural Mosaic",91,14.3269230769231,71.7692307692308
103,"Myotis myotis",46.88358,7.34024,"gbif","Cool Temperate","Moist","Cropland","Mountains","Cool Temperate Moist",33,102,5,"Cool Temperate Moist Cropland on Mountains","#216605",666,2126.5,"Cropland/Natural Mosaic",92,13.6961538461539,98.6153846153846
103,"Myotis myotis",47.06272,7.01081,"gbif","Cool Temperate","Moist","Cropland","Mountains","Cool Temperate Moist",33,102,5,"Cool Temperate Moist Cropland on Mountains","#216605",882,3102.4,"Grasslands",93,12.1115384615385,105.461538461538
103,"Myotis myotis",46.56708,6.8191,"gbif","Cool Temperate","Moist","Cropland","Mountains","Cool Temperate Moist",33,102,5,"Cool Temperate Moist Cropland on Mountains","#216605",613,2120,"Savannas",94,13.7423076923077,104.923076923077
103,"Myotis myotis",47.01718,6.87965,"gbif","Cool Temperate","Moist","Cropland","Mountains","Cool Temperate Moist",33,102,5,"Cool Temperate Moist Cropland on Mountains","#216605",765,2185,"Grasslands",95,12.7807692307693,98.7692307692308
103,"Myotis myotis",46.74473,6.48989,"gbif","Cool Temperate","Moist","Cropland","Mountains","Cool Temperate Moist",33,102,5,"Cool Temperate Moist Cropland on Mountains","#216605",647,2189,"Savannas",96,13.4961538461539,92.3846153846154
103,"Myotis myotis",46.69976,6.49068,"gbif","Cool Temperate","Moist","Cropland","Mountains","Cool Temperate Moist",33,102,5,"Cool Temperate Moist Cropland on Mountains","#216605",612,2120,"Croplands",97,13.5346153846154,84.4615384615385
103,"Myotis myotis",46.8357,6.61937,"gbif","Cool Temperate","Moist","Cropland","Mountains","Cool Temperate Moist",33,102,5,"Cool Temperate Moist Cropland on Mountains","#216605",582,2185.4,"Croplands",98,13.9269230769231,101.692307692308
103,"Myotis myotis",46.92689,6.81494,"gbif","Cool Temperate","Moist","Cropland","Mountains","Cool Temperate Moist",33,102,5,"Cool Temperate Moist Cropland on Mountains","#216605",462,4192.1,"Urban",99,14.4576923076923,92.7692307692308
103,"Myotis myotis",47.06352,7.40572,"gbif","Cool Temperate","Moist","Cropland","Mountains","Cool Temperate Moist",33,102,5,"Cool Temperate Moist Cropland on Mountains","#216605",512,2189,"Croplands",100,14.2192307692308,82.5384615384615
103,"Myotis myotis",46.97062,6.61731,"gbif","Cool Temperate","Moist","Cropland","Mountains","Cool Temperate Moist",33,102,5,"Cool Temperate Moist Cropland on Mountains","#216605",1114,4168,"Woody Savannas",101,10.6884615384616,116.923076923077
103,"Myotis myotis",46.88361,7.47143,"gbif","Cool Temperate","Moist","Cropland","Mountains","Cool Temperate Moist",33,102,5,"Cool Temperate Moist Cropland on Mountains","#216605",844,2144.2,"Grasslands",102,12.3346153846154,109.846153846154
103,"Myotis myotis",47.15309,7.73531,"gbif","Cool Temperate","Moist","Cropland","Mountains","Cool Temperate Moist",33,102,5,"Cool Temperate Moist Cropland on Mountains","#216605",551,2208.1,"Savannas",103,13.7038461538462,96.3076923076923
103,"Myotis myotis",46.65816,7.07935,"gbif","Cool Temperate","Moist","Cropland","Mountains","Cool Temperate Moist",33,102,5,"Cool Temperate Moist Cropland on Mountains","#216605",704,4369.4,"Grasslands",104,13.25,101.076923076923
103,"Myotis myotis",46.92855,7.34015,"gbif","Cool Temperate","Moist","Cropland","Mountains","Cool Temperate Moist",33,102,5,"Cool Temperate Moist Cropland on Mountains","#216605",660,2185.4,"Mixed Forest",105,13.4576923076923,94.5384615384615
103,"Myotis myotis",47.15324,7.66938,"gbif","Cool Temperate","Moist","Cropland","Mountains","Cool Temperate Moist",33,102,5,"Cool Temperate Moist Cropland on Mountains","#216605",494,2185.4,"Croplands",106,14.1192307692308,91.3076923076923
103,"Myotis blythii",46.8357,6.61937,"gbif","Cool Temperate","Moist","Cropland","Mountains","Cool Temperate Moist",33,102,5,"Cool Temperate Moist Cropland on Mountains","#216605",582,2185.4,"Croplands",107,13.9269230769231,101.692307692308
103,"Myotis myotis",46.74526,6.55532,"gbif","Cool Temperate","Moist","Cropland","Mountains","Cool Temperate Moist",33,102,5,"Cool Temperate Moist Cropland on Mountains","#216605",431,2185.4,"Croplands",108,14.8115384615385,78.6153846153846
103,"Myotis myotis",46.38177,6.17125,"gbif","Cool Temperate","Moist","Cropland","Mountains","Cool Temperate Moist",33,102,5,"Cool Temperate Moist Cropland on Mountains","#216605",492,2120,"Cropland/Natural Mosaic",109,14.9115384615385,104.384615384615
103,"Myotis myotis",47.42326,7.33923,"gbif","Cool Temperate","Moist","Cropland","Mountains","Cool Temperate Moist",33,102,5,"Cool Temperate Moist Cropland on Mountains","#216605",590,2120,"Savannas",110,13.6346153846154,80.2307692307692
103,"Myotis myotis",46.65531,6.55679,"gbif","Cool Temperate","Moist","Cropland","Mountains","Cool Temperate Moist",33,102,5,"Cool Temperate Moist Cropland on Mountains","#216605",451,2185.4,"Cropland/Natural Mosaic",111,14.5269230769231,83.8461538461538
103,"Myotis myotis",46.11821,7.01824,"gbif","Cool Temperate","Moist","Cropland","Mountains","Cool Temperate Moist",33,102,5,"Cool Temperate Moist Cropland on Mountains","#216605",954,34994.2,"Savannas",112,12.25,103.692307692308
103,"Myotis myotis",46.79366,7.40589,"gbif","Cool Temperate","Moist","Cropland","Mountains","Cool Temperate Moist",33,102,5,"Cool Temperate Moist Cropland on Mountains","#216605",766,18453.4,"Savannas",113,12.7115384615385,104.461538461538
103,"Myotis myotis",46.56165,6.16703,"gbif","Cool Temperate","Moist","Cropland","Mountains","Cool Temperate Moist",33,102,5,"Cool Temperate Moist Cropland on Mountains","#216605",1043,18453,"Savannas",114,11.1653846153846,125.923076923077
103,"Myotis myotis",46.25393,7.47106,"gbif","Cool Temperate","Moist","Cropland","Mountains","Cool Temperate Moist",33,102,5,"Cool Temperate Moist Cropland on Mountains","#216605",546,34971.8,"Woody Savannas",115,15.3576923076923,66.4615384615385
103,"Myotis myotis",47.37726,6.94208,"gbif","Cool Temperate","Moist","Cropland","Mountains","Cool Temperate Moist",33,102,5,"Cool Temperate Moist Cropland on Mountains","#216605",587,2126.9,"Grasslands",116,13.8346153846154,96.0769230769231
103,"Myotis myotis",47.42273,7.07418,"gbif","Cool Temperate","Moist","Cropland","Mountains","Cool Temperate Moist",33,102,5,"Cool Temperate Moist Cropland on Mountains","#216605",463,2189,"Urban",117,14.4346153846154,81.3076923076923
103,"Myotis myotis",46.47373,6.36443,"gbif","Cool Temperate","Moist","Cropland","Mountains","Cool Temperate Moist",33,102,5,"Cool Temperate Moist Cropland on Mountains","#216605",419,4168.4,"Croplands",118,14.7884615384616,104.692307692308
103,"Myotis myotis",46.79023,6.55458,"gbif","Cool Temperate","Moist","Cropland","Mountains","Cool Temperate Moist",33,102,5,"Cool Temperate Moist Cropland on Mountains","#216605",556,2185.4,"Cropland/Natural Mosaic",119,14.1038461538462,85.9230769230769
103,"Myotis myotis",46.97345,7.27436,"gbif","Cool Temperate","Moist","Cropland","Mountains","Cool Temperate Moist",33,102,5,"Cool Temperate Moist Cropland on Mountains","#216605",472,2120,"Cropland/Natural Mosaic",120,14.373076923077,93.9230769230769
103,"Myotis myotis",47.01831,7.20846,"gbif","Cool Temperate","Moist","Cropland","Mountains","Cool Temperate Moist",33,102,5,"Cool Temperate Moist Cropland on Mountains","#216605",437,2120,"Croplands",121,14.6576923076923,82.8461538461538
103,"Myotis myotis",46.61206,6.81858,"gbif","Cool Temperate","Moist","Cropland","Mountains","Cool Temperate Moist",33,102,5,"Cool Temperate Moist Cropland on Mountains","#216605",593,2185.4,"Cropland/Natural Mosaic",122,13.7192307692308,99.1538461538462
103,"Myotis myotis",46.97353,7.34007,"gbif","Cool Temperate","Moist","Cropland","Mountains","Cool Temperate Moist",33,102,5,"Cool Temperate Moist Cropland on Mountains","#216605",569,2120,"Grasslands",123,13.9807692307693,90.6153846153846
103,"Myotis myotis",46.60981,6.49226,"gbif","Cool Temperate","Moist","Cropland","Mountains","Cool Temperate Moist",33,102,5,"Cool Temperate Moist Cropland on Mountains","#216605",595,2185.4,"Croplands",124,13.7269230769231,88.9230769230769
103,"Myotis myotis",46.60925,6.427,"gbif","Cool Temperate","Moist","Cropland","Mountains","Cool Temperate Moist",33,102,5,"Cool Temperate Moist Cropland on Mountains","#216605",634,2189,"Croplands",125,13.4346153846154,92.2307692307692
103,"Myotis myotis",46.79362,7.53687,"gbif","Cool Temperate","Moist","Cropland","Mountains","Cool Temperate Moist",33,102,5,"Cool Temperate Moist Cropland on Mountains","#216605",588,2120.4,"Grasslands",126,13.85,98.7692307692308
103,"Myotis myotis",46.47747,6.88523,"gbif","Cool Temperate","Moist","Cropland","Mountains","Cool Temperate Moist",33,102,5,"Cool Temperate Moist Cropland on Mountains","#216605",629,2146,"Savannas",127,13.4961538461539,122.923076923077
103,"Myotis myotis",46.74733,6.88246,"gbif","Cool Temperate","Moist","Cropland","Mountains","Cool Temperate Moist",33,102,5,"Cool Temperate Moist Cropland on Mountains","#216605",467,2218.6,"Croplands",128,14.7115384615385,84.9230769230769
103,"Myotis myotis",46.56536,6.55826,"gbif","Cool Temperate","Moist","Cropland","Mountains","Cool Temperate Moist",33,102,5,"Cool Temperate Moist Cropland on Mountains","#216605",495,2120,"Croplands",129,14.2576923076923,94
103,"Myotis myotis",46.65704,6.81806,"gbif","Cool Temperate","Moist","Cropland","Mountains","Cool Temperate Moist",33,102,5,"Cool Temperate Moist Cropland on Mountains","#216605",714,2185,"Grasslands",130,13.0192307692308,98.1538461538462
103,"Myotis myotis",46.83615,6.68491,"gbif","Cool Temperate","Moist","Cropland","Mountains","Cool Temperate Moist",33,102,5,"Cool Temperate Moist Cropland on Mountains","#216605",457,4168,"Croplands",131,14.7038461538462,93.3846153846154
103,"Myotis myotis",46.51986,6.49384,"gbif","Cool Temperate","Moist","Cropland","Mountains","Cool Temperate Moist",33,102,5,"Cool Temperate Moist Cropland on Mountains","#216605",429,4168,"Urban",132,14.6192307692308,96.6923076923077
103,"Myotis myotis",46.42745,6.23524,"gbif","Cool Temperate","Moist","Cropland","Mountains","Cool Temperate Moist",33,102,5,"Cool Temperate Moist Cropland on Mountains","#216605",485,2120,"Cropland/Natural Mosaic",133,14.5884615384616,108.846153846154
103,"Myotis myotis",46.6558,6.62211,"gbif","Cool Temperate","Moist","Cropland","Mountains","Cool Temperate Moist",33,102,5,"Cool Temperate Moist Cropland on Mountains","#216605",621,2126.9,"Croplands",134,13.6730769230769,93.6923076923077
103,"Myotis blythii",46.83615,6.68491,"gbif","Cool Temperate","Moist","Cropland","Mountains","Cool Temperate Moist",33,102,5,"Cool Temperate Moist Cropland on Mountains","#216605",457,4168,"Croplands",135,14.7038461538462,93.3846153846154
103,"Myotis myotis",46.25314,7.0172,"gbif","Cool Temperate","Moist","Cropland","Mountains","Cool Temperate Moist",33,102,5,"Cool Temperate Moist Cropland on Mountains","#216605",487,2449.4,"Urban",136,15.6192307692308,102.461538461538
103,"Myotis myotis",47.24319,7.66977,"gbif","Cool Temperate","Moist","Cropland","Mountains","Cool Temperate Moist",33,102,5,"Cool Temperate Moist Cropland on Mountains","#216605",456,2120,"Savannas",137,14.3346153846154,81.6153846153846
105,"Myotis myotis",47.4677,7.07387,"gbif","Cool Temperate","Moist","Forest","Hills","Cool Temperate Moist",2,99,1,"Cool Temperate Moist Forest on Hills","#026301",504,2185.4,"Mixed Forest",138,14.2961538461539,85.9230769230769
107,"Myotis myotis",46.56821,7.07995,"gbif","Cool Temperate","Moist","Grassland","Mountains","Cool Temperate Moist",26,83,0,"Cool Temperate Moist Grassland on Mountains","#1A5300",761,20100.9,"Grasslands",139,12.9423076923077,100.769230769231
107,"Myotis myotis",46.8386,7.34032,"gbif","Cool Temperate","Moist","Grassland","Mountains","Cool Temperate Moist",26,83,0,"Cool Temperate Moist Grassland on Mountains","#1A5300",699,18453,"Savannas",140,13.1423076923077,105.769230769231
107,"Myotis myotis",47.10743,6.94458,"gbif","Cool Temperate","Moist","Grassland","Mountains","Cool Temperate Moist",26,83,0,"Cool Temperate Moist Grassland on Mountains","#1A5300",1206,4687.50000000002,"Savannas",141,10.5807692307693,109.384615384615
107,"Myotis myotis",46.87965,6.48751,"gbif","Cool Temperate","Moist","Grassland","Mountains","Cool Temperate Moist",26,83,0,"Cool Temperate Moist Grassland on Mountains","#1A5300",1157,18453,"Savannas",142,10.5961538461539,113.769230769231
107,"Myotis myotis",46.51668,6.16809,"gbif","Cool Temperate","Moist","Grassland","Mountains","Cool Temperate Moist",26,83,0,"Cool Temperate Moist Grassland on Mountains","#1A5300",1470,18453.4,"Woody Savannas",143,8.53461538461542,142.384615384615
107,"Myotis myotis",46.6992,6.42531,"gbif","Cool Temperate","Moist","Grassland","Mountains","Cool Temperate Moist",26,83,0,"Cool Temperate Moist Grassland on Mountains","#1A5300",925,2185.4,"Savannas",144,11.973076923077,96.3076923076923
107,"Myotis myotis",46.65299,6.29553,"gbif","Cool Temperate","Moist","Grassland","Mountains","Cool Temperate Moist",26,83,0,"Cool Temperate Moist Grassland on Mountains","#1A5300",1033,6216,"Savannas",145,11.1653846153846,107
107,"Myotis myotis",46.3422,6.82167,"gbif","Cool Temperate","Moist","Grassland","Mountains","Cool Temperate Moist",26,83,0,"Cool Temperate Moist Grassland on Mountains","#1A5300",1770,18453,"Woody Savannas",146,7.73461538461542,172.076923076923
107,"Myotis myotis",47.15267,7.01009,"gbif","Cool Temperate","Moist","Grassland","Mountains","Cool Temperate Moist",26,83,0,"Cool Temperate Moist Grassland on Mountains","#1A5300",763,34892.4,"Grasslands",147,12.7269230769231,100.076923076923
107,"Myotis myotis",46.88154,6.74987,"gbif","Cool Temperate","Moist","Grassland","Mountains","Cool Temperate Moist",26,83,0,"Cool Temperate Moist Grassland on Mountains","#1A5300",558,4188.1,"Savannas",148,14.4269230769231,91.9230769230769
107,"Myotis myotis",47.37829,7.33931,"gbif","Cool Temperate","Moist","Grassland","Mountains","Cool Temperate Moist",26,83,0,"Cool Temperate Moist Grassland on Mountains","#1A5300",586,2120,"Cropland/Natural Mosaic",149,13.6269230769231,73.2307692307692
107,"Myotis myotis",46.88112,6.68428,"gbif","Cool Temperate","Moist","Grassland","Mountains","Cool Temperate Moist",26,83,0,"Cool Temperate Moist Grassland on Mountains","#1A5300",1088,18717,"Savannas",150,10.5807692307693,111.846153846154
107,"Myotis myotis",46.92516,6.55235,"gbif","Cool Temperate","Moist","Grassland","Mountains","Cool Temperate Moist",26,83,0,"Cool Temperate Moist Grassland on Mountains","#1A5300",1095,3252,"Savannas",151,10.8038461538462,114.076923076923
107,"Myotis myotis",46.29879,7.60087,"gbif","Cool Temperate","Moist","Grassland","Mountains","Cool Temperate Moist",26,83,0,"Cool Temperate Moist Grassland on Mountains","#1A5300",629,35055.4,"Mixed Forest",152,13.7269230769231,71.3846153846154
107,"Myotis myotis",47.1524,6.94417,"gbif","Cool Temperate","Moist","Grassland","Mountains","Cool Temperate Moist",26,83,0,"Cool Temperate Moist Grassland on Mountains","#1A5300",1163,2185,"Savannas",153,10.5192307692308,108.692307692308
107,"Myotis myotis",46.74857,7.27505,"gbif","Cool Temperate","Moist","Grassland","Mountains","Cool Temperate Moist",26,83,0,"Cool Temperate Moist Grassland on Mountains","#1A5300",963,2520.3,"Grasslands",154,11.95,110.461538461538
107,"Myotis myotis",47.5151392915,9.2773146133,"inat","Cool Temperate","Moist","Grassland","Mountains","Cool Temperate Moist",26,83,0,"Cool Temperate Moist Grassland on Mountains","#1A5300",515,2215.4,"Grasslands",155,13.15,103.230769230769
107,"Myotis myotis",46.79288,7.86431,"gbif","Cool Temperate","Moist","Grassland","Mountains","Cool Temperate Moist",26,83,0,"Cool Temperate Moist Grassland on Mountains","#1A5300",1412,18457.1,"Woody Savannas",156,9.19615384615389,137.923076923077
107,"Myotis myotis",46.6124,6.88385,"gbif","Cool Temperate","Moist","Grassland","Mountains","Cool Temperate Moist",26,83,0,"Cool Temperate Moist Grassland on Mountains","#1A5300",863,2134.5,"Grasslands",157,12.2576923076923,119.538461538462
107,"Myotis myotis",47.19806,7.1417,"gbif","Cool Temperate","Moist","Grassland","Mountains","Cool Temperate Moist",26,83,0,"Cool Temperate Moist Grassland on Mountains","#1A5300",700,2276.1,"Grasslands",158,13.2653846153846,86.6153846153846
107,"Myotis blythii",46.56821,7.07995,"gbif","Cool Temperate","Moist","Grassland","Mountains","Cool Temperate Moist",26,83,0,"Cool Temperate Moist Grassland on Mountains","#1A5300",761,20100.9,"Grasslands",159,12.9423076923077,100.769230769231
107,"Myotis myotis",46.83521,6.55384,"gbif","Cool Temperate","Moist","Grassland","Mountains","Cool Temperate Moist",26,83,0,"Cool Temperate Moist Grassland on Mountains","#1A5300",1187,18453,"Savannas",160,10.2423076923077,117.076923076923
107,"Myotis myotis",46.74831,7.14418,"gbif","Cool Temperate","Moist","Grassland","Mountains","Cool Temperate Moist",26,83,0,"Cool Temperate Moist Grassland on Mountains","#1A5300",794,2130.1,"Savannas",161,12.6961538461539,111.230769230769
107,"Myotis myotis",47.10713,6.87871,"gbif","Cool Temperate","Moist","Grassland","Mountains","Cool Temperate Moist",26,83,0,"Cool Temperate Moist Grassland on Mountains","#1A5300",1064,18453,"Savannas",162,11.3807692307693,111.230769230769
107,"Myotis myotis",46.61296,7.01438,"gbif","Cool Temperate","Moist","Grassland","Mountains","Cool Temperate Moist",26,83,0,"Cool Temperate Moist Grassland on Mountains","#1A5300",831,3880.20000000002,"Grasslands",163,12.5038461538462,108.461538461538
107,"Myotis myotis",47.06246,6.945,"gbif","Cool Temperate","Moist","Grassland","Mountains","Cool Temperate Moist",26,83,0,"Cool Temperate Moist Grassland on Mountains","#1A5300",723,5009.10000000002,"Croplands",164,13.0269230769231,100.923076923077
107,"Myotis myotis",46.61371,7.34073,"gbif","Cool Temperate","Moist","Grassland","Mountains","Cool Temperate Moist",26,83,0,"Cool Temperate Moist Grassland on Mountains","#1A5300",1600,18453.4,"Savannas",165,7.63461538461542,137.076923076923
107,"Myotis myotis",46.83864,7.47141,"gbif","Cool Temperate","Moist","Grassland","Mountains","Cool Temperate Moist",26,83,0,"Cool Temperate Moist Grassland on Mountains","#1A5300",921,4690.70000000002,"Grasslands",166,11.8269230769231,116.461538461538
107,"Myotis myotis",47.28835,7.33948,"gbif","Cool Temperate","Moist","Grassland","Mountains","Cool Temperate Moist",26,83,0,"Cool Temperate Moist Grassland on Mountains","#1A5300",1043,2126.5,"Savannas",167,11.4038461538462,86.7692307692308
107,"Myotis myotis",47.2433,7.27353,"gbif","Cool Temperate","Moist","Grassland","Mountains","Cool Temperate Moist",26,83,0,"Cool Temperate Moist Grassland on Mountains","#1A5300",735,2383.3,"Savannas",168,12.573076923077,94.3076923076923
107,"Myotis myotis",46.630638,6.967451,"gbif","Cool Temperate","Moist","Grassland","Mountains","Cool Temperate Moist",26,83,0,"Cool Temperate Moist Grassland on Mountains","#1A5300",827,2185.4,"Grasslands",169,12.5423076923077,111.692307692308
107,"Myotis myotis",46.74621,8.1911,"gbif","Cool Temperate","Moist","Grassland","Mountains","Cool Temperate Moist",26,83,0,"Cool Temperate Moist Grassland on Mountains","#1A5300",1140,35113.8,"Grasslands",170,10.7038461538462,129
107,"Myotis myotis",46.97353,7.53719,"gbif","Cool Temperate","Moist","Grassland","Mountains","Cool Temperate Moist",26,83,0,"Cool Temperate Moist Grassland on Mountains","#1A5300",793,2130.5,"Grasslands",171,12.8423076923077,104.230769230769
107,"Myotis myotis",46.47825,7.08055,"gbif","Cool Temperate","Moist","Grassland","Mountains","Cool Temperate Moist",26,83,0,"Cool Temperate Moist Grassland on Mountains","#1A5300",1479,3181.2,"Savannas",172,8.59615384615388,122.230769230769
107,"Myotis myotis",46.56742,6.88431,"gbif","Cool Temperate","Moist","Grassland","Mountains","Cool Temperate Moist",26,83,0,"Cool Temperate Moist Grassland on Mountains","#1A5300",852,2185.4,"Savannas",173,12.4807692307693,121.615384615385
107,"Myotis myotis",47.367508,8.985614,"gbif","Cool Temperate","Moist","Grassland","Mountains","Cool Temperate Moist",26,83,0,"Cool Temperate Moist Grassland on Mountains","#1A5300",771,18449.4,"Grasslands",174,12.2961538461539,126.461538461538
107,"Myotis myotis",46.74417,6.42447,"gbif","Cool Temperate","Moist","Grassland","Mountains","Cool Temperate Moist",26,83,0,"Cool Temperate Moist Grassland on Mountains","#1A5300",1136,2253.4,"Savannas",175,10.6346153846154,101.153846153846
107,"Myotis myotis",46.74865,7.53679,"gbif","Cool Temperate","Moist","Grassland","Mountains","Cool Temperate Moist",26,83,0,"Cool Temperate Moist Grassland on Mountains","#1A5300",675,2185.4,"Grasslands",176,13.3192307692308,105.615384615385
107,"Myotis myotis",46.74812,7.07875,"gbif","Cool Temperate","Moist","Grassland","Mountains","Cool Temperate Moist",26,83,0,"Cool Temperate Moist Grassland on Mountains","#1A5300",701,2130.1,"Grasslands",177,13.2884615384616,104.615384615385
107,"Myotis blythii",46.51668,6.16809,"gbif","Cool Temperate","Moist","Grassland","Mountains","Cool Temperate Moist",26,83,0,"Cool Temperate Moist Grassland on Mountains","#1A5300",1470,18453.4,"Woody Savannas",178,8.53461538461542,142.384615384615
107,"Myotis myotis",47.3675080727,8.9856139896,"inat","Cool Temperate","Moist","Grassland","Mountains","Cool Temperate Moist",26,83,0,"Cool Temperate Moist Grassland on Mountains","#1A5300",771,18449.4,"Grasslands",179,12.2961538461539,126.461538461538
107,"Myotis myotis",47.288,7.1412,"gbif","Cool Temperate","Moist","Grassland","Mountains","Cool Temperate Moist",26,83,0,"Cool Temperate Moist Grassland on Mountains","#1A5300",943,2126.9,"Savannas",180,11.6807692307693,94.9230769230769
107,"Myotis myotis",46.92565,6.618,"gbif","Cool Temperate","Moist","Grassland","Mountains","Cool Temperate Moist",26,83,0,"Cool Temperate Moist Grassland on Mountains","#1A5300",815,4641.20000000002,"Savannas",181,12.2192307692308,99.1538461538462
107,"Myotis myotis",46.1636,7.14736,"gbif","Cool Temperate","Moist","Grassland","Mountains","Cool Temperate Moist",26,83,0,"Cool Temperate Moist Grassland on Mountains","#1A5300",1151,3248,"Grasslands",182,12.35,98.3846153846154
107,"Myotis myotis",46.29813,7.86044,"gbif","Cool Temperate","Moist","Grassland","Mountains","Cool Temperate Moist",26,83,0,"Cool Temperate Moist Grassland on Mountains","#1A5300",683,20134.3,"Grasslands",183,13.2038461538462,63.6153846153846
107,"Myotis myotis",46.61364,7.27546,"gbif","Cool Temperate","Moist","Grassland","Mountains","Cool Temperate Moist",26,83,0,"Cool Temperate Moist Grassland on Mountains","#1A5300",1111,18453.4,"Savannas",184,10.95,121.923076923077
107,"Myotis myotis",46.47803,7.01544,"gbif","Cool Temperate","Moist","Grassland","Mountains","Cool Temperate Moist",26,83,0,"Cool Temperate Moist Grassland on Mountains","#1A5300",949,18453,"Savannas",185,11.0576923076923,119.230769230769
107,"Myotis myotis",47.28839,7.47167,"gbif","Cool Temperate","Moist","Grassland","Mountains","Cool Temperate Moist",26,83,0,"Cool Temperate Moist Grassland on Mountains","#1A5300",700,4049.80000000002,"Savannas",186,12.8961538461539,90.3846153846154
107,"Myotis blythii",46.74417,6.42447,"gbif","Cool Temperate","Moist","Grassland","Mountains","Cool Temperate Moist",26,83,0,"Cool Temperate Moist Grassland on Mountains","#1A5300",1136,2253.4,"Savannas",187,10.6346153846154,101.153846153846
107,"Myotis myotis",47.24318,7.20749,"gbif","Cool Temperate","Moist","Grassland","Mountains","Cool Temperate Moist",26,83,0,"Cool Temperate Moist Grassland on Mountains","#1A5300",777,2120,"Savannas",188,12.5192307692308,87.4615384615385
107,"Myotis myotis",46.814211,7.964823,"gbif","Cool Temperate","Moist","Grassland","Mountains","Cool Temperate Moist",26,83,0,"Cool Temperate Moist Grassland on Mountains","#1A5300",1728,18457.1,"Grasslands",189,7.3192307692308,148.076923076923
107,"Myotis myotis",46.70367,7.53671,"gbif","Cool Temperate","Moist","Grassland","Mountains","Cool Temperate Moist",26,83,0,"Cool Temperate Moist Grassland on Mountains","#1A5300",1629,18457.1,"Grasslands",190,7.49615384615388,138.923076923077
107,"Myotis myotis",46.65862,7.27533,"gbif","Cool Temperate","Moist","Grassland","Mountains","Cool Temperate Moist",26,83,0,"Cool Temperate Moist Grassland on Mountains","#1A5300",1125,20530.6,"Woody Savannas",191,11.1346153846154,125
107,"Myotis myotis",46.70333,7.14443,"gbif","Cool Temperate","Moist","Grassland","Mountains","Cool Temperate Moist",26,83,0,"Cool Temperate Moist Grassland on Mountains","#1A5300",790,20097.3,"Grasslands",192,12.7423076923077,117.461538461538
107,"Myotis myotis",47.01646,6.74814,"gbif","Cool Temperate","Moist","Grassland","Mountains","Cool Temperate Moist",26,83,0,"Cool Temperate Moist Grassland on Mountains","#1A5300",1244,2337.9,"Woody Savannas",193,10.5653846153847,118.307692307692
107,"Myotis myotis",47.37821,7.27311,"gbif","Cool Temperate","Moist","Grassland","Mountains","Cool Temperate Moist",26,83,0,"Cool Temperate Moist Grassland on Mountains","#1A5300",831,2189,"Cropland/Natural Mosaic",194,12.3884615384616,84.9230769230769
109,"Myotis myotis",46.70077,6.62142,"gbif","Cool Temperate","Moist","Grassland","Tablelands","Cool Temperate Moist",78,92,155,"Cool Temperate Moist Grassland on Tablelands","#4E5C9B",585,2120,"Croplands",195,13.873076923077,92.7692307692308
109,"Myotis myotis",46.7565225067,7.0126044273,"inat","Cool Temperate","Moist","Grassland","Tablelands","Cool Temperate Moist",78,92,155,"Cool Temperate Moist Grassland on Tablelands","#4E5C9B",709,2185.4,"Grasslands",196,13.273076923077,104.230769230769
109,"Myotis myotis",47.24284,7.07541,"gbif","Cool Temperate","Moist","Grassland","Tablelands","Cool Temperate Moist",78,92,155,"Cool Temperate Moist Grassland on Tablelands","#4E5C9B",1017,18453,"Woody Savannas",197,11.3653846153846,100.692307692308
109,"Myotis myotis",46.74763,6.94789,"gbif","Cool Temperate","Moist","Grassland","Tablelands","Cool Temperate Moist",78,92,155,"Cool Temperate Moist Grassland on Tablelands","#4E5C9B",712,2185.4,"Cropland/Natural Mosaic",198,13.2269230769231,104.846153846154
109,"Myotis myotis",46.756523,7.012604,"gbif","Cool Temperate","Moist","Grassland","Tablelands","Cool Temperate Moist",78,92,155,"Cool Temperate Moist Grassland on Tablelands","#4E5C9B",709,2185.4,"Grasslands",199,13.273076923077,104.230769230769
110,"Myotis myotis",46.92836,7.20885,"gbif","Cool Temperate","Moist","Cropland","Hills","Cool Temperate Moist",33,144,30,"Cool Temperate Moist Cropland on Hills","#21901E",507,2120,"Cropland/Natural Mosaic",200,14.2576923076923,89.3076923076923
110,"Myotis myotis",46.92821,7.1432,"gbif","Cool Temperate","Moist","Cropland","Hills","Cool Temperate Moist",33,144,30,"Cool Temperate Moist Cropland on Hills","#21901E",532,4168,"Croplands",201,14.1115384615385,93.3846153846154
110,"Myotis myotis",46.9278,7.01189,"gbif","Cool Temperate","Moist","Cropland","Hills","Cool Temperate Moist",33,144,30,"Cool Temperate Moist Cropland on Hills","#21901E",561,4168,"Cropland/Natural Mosaic",202,14.0269230769231,93.7692307692308
110,"Myotis myotis",47.01816,7.1427,"gbif","Cool Temperate","Moist","Cropland","Hills","Cool Temperate Moist",33,144,30,"Cool Temperate Moist Cropland on Hills","#21901E",475,2120,"Croplands",203,14.5038461538462,86.8461538461538
110,"Myotis myotis",47.10845,7.33982,"gbif","Cool Temperate","Moist","Cropland","Hills","Cool Temperate Moist",33,144,30,"Cool Temperate Moist Cropland on Hills","#21901E",433,2126.9,"Croplands",204,14.6653846153847,79.8461538461538
113,"Myotis myotis",46.79355,7.60236,"gbif","Cool Temperate","Moist","Settlement","Mountains","Cool Temperate Moist",61,67,0,"Cool Temperate Moist Settlement on Mountains","#3D4300",546,2120.4,"Savannas",205,13.9653846153847,104.230769230769
113,"Myotis myotis",46.47433,6.42952,"gbif","Cool Temperate","Moist","Settlement","Mountains","Cool Temperate Moist",61,67,0,"Cool Temperate Moist Settlement on Mountains","#3D4300",397,6216,"Permanent Wetlands",206,14.9807692307693,98.8461538461538
113,"Myotis myotis",46.29891,7.47109,"gbif","Cool Temperate","Moist","Settlement","Mountains","Cool Temperate Moist",61,67,0,"Cool Temperate Moist Settlement on Mountains","#3D4300",1446,18478.6,"Woody Savannas",207,9.98846153846157,86.7692307692308
113,"Myotis blythii",46.79328,7.14394,"gbif","Cool Temperate","Moist","Settlement","Mountains","Cool Temperate Moist",61,67,0,"Cool Temperate Moist Settlement on Mountains","#3D4300",636,2185,"Urban",208,13.573076923077,102.846153846154
113,"Myotis myotis",46.79328,7.14394,"gbif","Cool Temperate","Moist","Settlement","Mountains","Cool Temperate Moist",61,67,0,"Cool Temperate Moist Settlement on Mountains","#3D4300",636,2185,"Urban",209,13.573076923077,102.846153846154
113,"Myotis myotis",47.0634,7.60318,"gbif","Cool Temperate","Moist","Settlement","Mountains","Cool Temperate Moist",61,67,0,"Cool Temperate Moist Settlement on Mountains","#3D4300",530,2189,"Urban",210,14.0884615384616,91.8461538461538
113,"Myotis myotis",47.10827,7.66919,"gbif","Cool Temperate","Moist","Settlement","Mountains","Cool Temperate Moist",61,67,0,"Cool Temperate Moist Settlement on Mountains","#3D4300",528,2189,"Savannas",211,13.8423076923077,100.384615384615
113,"Myotis myotis",46.52039,6.55899,"gbif","Cool Temperate","Moist","Settlement","Mountains","Cool Temperate Moist",61,67,0,"Cool Temperate Moist Settlement on Mountains","#3D4300",413,4168,"Urban",212,14.7576923076923,89.8461538461538
113,"Myotis myotis",47.15335,7.27381,"gbif","Cool Temperate","Moist","Settlement","Mountains","Cool Temperate Moist",61,67,0,"Cool Temperate Moist Settlement on Mountains","#3D4300",440,2452.6,"Urban",213,14.5269230769231,80.3076923076923
113,"Myotis myotis",46.97357,7.47149,"gbif","Cool Temperate","Moist","Settlement","Mountains","Cool Temperate Moist",61,67,0,"Cool Temperate Moist Settlement on Mountains","#3D4300",537,2189,"Urban",214,14.0884615384616,85.3076923076923
113,"Myotis myotis",46.79072,6.62006,"gbif","Cool Temperate","Moist","Settlement","Mountains","Cool Temperate Moist",61,67,0,"Cool Temperate Moist Settlement on Mountains","#3D4300",431,4168,"Urban",215,14.873076923077,79.9230769230769
113,"Myotis myotis",47.40921,7.06765,"gbif","Cool Temperate","Moist","Settlement","Mountains","Cool Temperate Moist",61,67,0,"Cool Temperate Moist Settlement on Mountains","#3D4300",438,2120,"Savannas",216,14.6192307692308,80.6923076923077
116,"Myotis myotis",47.10838,7.60331,"gbif","Cool Temperate","Moist","Cropland","Plains","Cool Temperate Moist",29,153,10,"Cool Temperate Moist Cropland on Plains","#1D990A",492,2130.1,"Croplands",217,14.2884615384616,87.3076923076923
116,"Myotis myotis",46.88282,7.01225,"gbif","Cool Temperate","Moist","Cropland","Plains","Cool Temperate Moist",29,153,10,"Cool Temperate Moist Cropland on Plains","#1D990A",432,2185.4,"Croplands",218,14.7884615384616,89
116,"Myotis myotis",46.973,7.07724,"gbif","Cool Temperate","Moist","Cropland","Plains","Cool Temperate Moist",29,153,10,"Cool Temperate Moist Cropland on Plains","#1D990A",430,2680.3,"Cropland/Natural Mosaic",219,14.6884615384616,88.1538461538462
161,"Myotis myotis",46.29786,6.95196,"gbif","Warm Temperate","Moist","Settlement","Plains","Warm Temperate Moist",163,170,28,"Warm Temperate Moist Settlement on Plains","#A3AA1C",387,2130.1,"Urban",220,16.1423076923077,98.3846153846154
166,"Myotis myotis",46.38751,6.88615,"gbif","Warm Temperate","Moist","Forest","Plains","Warm Temperate Moist",45,158,6,"Warm Temperate Moist Forest on Plains","#2D9E06",379,4168,"Deciduous Broadleaf Forest",221,15.6884615384616,107.538461538462
172,"Myotis myotis",46.38248,6.23624,"gbif","Warm Temperate","Moist","Settlement","Mountains","Warm Temperate Moist",105,89,18,"Warm Temperate Moist Settlement on Mountains","#695912",402,4438.1,"Urban",222,15.4346153846154,98.4615384615385
172,"Myotis myotis",46.20035,6.04591,"gbif","Warm Temperate","Moist","Settlement","Mountains","Warm Temperate Moist",105,89,18,"Warm Temperate Moist Settlement on Mountains","#695912",385,2185.4,"Cropland/Natural Mosaic",223,15.7961538461539,90.1538461538462
172,"Myotis myotis",46.34254,6.88661,"gbif","Warm Temperate","Moist","Settlement","Mountains","Warm Temperate Moist",105,89,18,"Warm Temperate Moist Settlement on Mountains","#695912",390,2189,"Savannas",224,15.65,110.769230769231
